{
  "hash": "a99d8f66",
  "configHash": "2c46f9d9",
  "lockfileHash": "1c0cc3bd",
  "browserHash": "339047c3",
  "optimized": {
    "@angular/common": {
      "src": "../../../../../node_modules/@angular/common/fesm2022/common.mjs",
      "file": "@angular_common.js",
      "fileHash": "f69c3a56",
      "needsInterop": false
    },
    "@angular/common/http": {
      "src": "../../../../../node_modules/@angular/common/fesm2022/http.mjs",
      "file": "@angular_common_http.js",
      "fileHash": "c9c1cfd0",
      "needsInterop": false
    },
    "@angular/core": {
      "src": "../../../../../node_modules/@angular/core/fesm2022/core.mjs",
      "file": "@angular_core.js",
      "fileHash": "89ebb3f0",
      "needsInterop": false
    },
    "@angular/forms": {
      "src": "../../../../../node_modules/@angular/forms/fesm2022/forms.mjs",
      "file": "@angular_forms.js",
      "fileHash": "cb562c18",
      "needsInterop": false
    },
    "@angular/platform-browser": {
      "src": "../../../../../node_modules/@angular/platform-browser/fesm2022/platform-browser.mjs",
      "file": "@angular_platform-browser.js",
      "fileHash": "ffd60f22",
      "needsInterop": false
    },
    "@angular/router": {
      "src": "../../../../../node_modules/@angular/router/fesm2022/router.mjs",
      "file": "@angular_router.js",
      "fileHash": "743512f9",
      "needsInterop": false
    }
  },
  "chunks": {
    "chunk-QSXOFLVL": {
      "file": "chunk-QSXOFLVL.js"
    },
    "chunk-SKF45S4X": {
      "file": "chunk-SKF45S4X.js"
    },
    "chunk-5IPOJP64": {
      "file": "chunk-5IPOJP64.js"
    },
    "chunk-IMHRZ32E": {
      "file": "chunk-IMHRZ32E.js"
    }
  }
}